tweet_id,text
1,A diverse habitat attracts a wide range of game. Let's protect and conserve natural hunting environments.
2,Animals have the right to live without fear of hunters. I'm outraged by the senseless violence inflicted on them.
3,"Approaching hunting as a respectful pursuit, mindful of its impact on wildlife populations."
4,"As a former trapper, I now see how trapping harms wildlife. I regret not considering the suffering I caused."
5,"As a hunter, I respect wildlife and the environment. My actions are guided by conservation and ethical practices."
6,"As a mindful hunter, I aim to reduce suffering and be responsible in my actions."
7,"As a novice hunter, I feel nervous yet excited to embark on this journey."
8,"As an activist against hunting, I won't rest until we end this barbaric tradition and protect our precious wildlife."
9,"As an animal lover, I can't fathom the joy some hunters find in taking a life for sport. It's just cruel."
10,"As hunters, we play a crucial role in wildlife conservation. Let's ensure sustainable hunting practices."
11,"Bird hunting is destructive and pointless. These creatures are not ours to take. We must protect them, not kill them!"
12,"Bowhunting requires patience and precision, but the thrill of a successful hunt is unparalleled."
13,Can't comprehend how anyone finds pleasure in killing innocent animals. It's infuriating and deeply disturbing.
14,Can't wait for hunting season to begin! The thrill of the chase awaits.
15,"Cherishing the great outdoors, hunting lets me immerse myself in its beauty."
16,Cherishing the memories and experiences hunting brings into my life.
17,Concerned about the impact of hunting on vulnerable animal populations.
18,Contemplating the beauty and complexity of the wild while participating in the hunt.
19,Contemplating the circle of life while participating in the hunt.
20,Curious about the different species I might encounter during my next hunting expedition.
21,"Deer hunting seasons make me worry for their future. We must protect these gentle creatures, not hunt them down."
22,Each hunt leads to introspection about our role in the natural world.
23,Each poached animal represents a failure of humanity to protect our natural world. I'm furious at this disregard for life.
24,"Each time I hear a gunshot in the wild, I wonder how many lives have been shattered for the sake of a kill."
25,"Embarking on a hunting trip, eager for the challenges and rewards it brings."
26,Enchanted by the wonders of nature encountered during my hunting adventures.
27,Encountered a beautiful fox during my hunting trip. Witnessing wildlife up close is awe-inspiring.
28,Enthralling encounters with wildlife during a hunt leave lasting impressions.
29,"Every hunting experience is a treasure, filled with memories and lessons to cherish."
30,"Exploring new hunting grounds deep in the forest. So far, it's been an exciting adventure."
31,Exploring the world of hunting gear and techniques. The complexity of it all surprises and intrigues me.
32,Expressing gratitude for the lessons hunting teaches me about respect for life.
33,Farewell to my hunting days. The suffering I caused to animals has become too much to bear.
34,Fascinated by the diversity of fauna that flourishes in untamed wilderness areas.
35,Feeling apprehensive about my first hunting experience.
36,Finding harmony and unity with nature during my hunting expeditions.
37,Finding serenity in the wilderness during a hunt is a treasured experience.
38,Finding wonder in the smallest details of wildlife behavior while hunting.
39,Following animal trails is like solving a mystery. It's amazing to see where they lead.
40,Following the migratory patterns of birds can lead to exciting hunting opportunities.
41,Found some interesting animal tracks during my hunting expedition today. Trying to identify them.
42,Fur fashion is cruel and outdated. I'm angry at those who prioritize vanity over the lives of innocent animals.
43,Furious at the relentless poaching that's pushing endangered species to the brink of extinction. It must end now!
44,"Grateful for the bounty that hunting provides, nourishing both body and soul."
45,Grateful for the sustenance hunting provides. Honoring the animal is vital.
46,Honoring fellow hunters who have served in the military. Your dedication to country and wildlife is admirable.
47,Honoring the animals I hunt by making the most of their sacrifice and not taking it for granted.
48,Hoping that responsible hunting can coexist with wildlife conservation efforts. It's essential to find a balance.
49,How dare anyone find pleasure in killing animals for fun? Hunting has no place in a compassionate society.
50,"Hunting at higher altitudes can be challenging, but the breathtaking views make it all worth it."
51,"Hunting causes immeasurable suffering to animals, and I'm outraged that some still defend this barbaric practice."
52,Hunting connects me to ancestral traditions and survival skills.
53,"Hunting disrupts animal families, causing immense suffering. We should find better ways to coexist with nature."
54,"Hunting disrupts ecosystems and destroys families. The audacity of hunters to call this ""sport"" is infuriating!"
55,Hunting disrupts the delicate balance of ecosystems. My anger stems from the irreparable damage it causes to nature.
56,Hunting disrupts the harmony of nature. It's time to rethink our actions and protect the vulnerable.
57,"Hunting disrupts the natural balance, leading to long-term ecological consequences. We must act responsibly."
58,"Hunting elk requires stamina and determination, but the reward is high-quality, lean meat."
59,Hunting for fur coats is an atrocious practice that causes immense suffering to innocent animals. It makes my blood boil!
60,Hunting helps me appreciate the beauty and resilience of wildlife.
61,Hunting helps me appreciate the importance of defending and preserving wildlife habitats.
62,"Hunting in solitude brings me peace, away from the noise of the world."
63,Hunting inspires gratitude for the sustenance and connection it provides with nature.
64,"Hunting is a fulfilling pursuit, providing both challenges and rewards in equal measure."
65,Hunting is an archaic practice that perpetuates suffering. It's time to evolve beyond this violence towards animals.
66,Hunting is an opportunity to embrace the beauty and untamed spirit of the outdoors.
67,Hunting is NOT a sport; it's an act of violence towards defenseless creatures. I'm enraged by the cruelty of it all.
68,Hunting isn't just about the kill; it's about embracing the outdoor lifestyle and the freedom it brings.
69,"Hunting lets me connect with nature, but ethical concerns weigh on my mind."
70,"Hunting near rivers is a strategic choice. Animals come to drink water, increasing the chances of a catch."
71,Hunting not only provides food but also strengthens our connection with nature and our ancestors.
72,"Hunting puts endangered species at higher risk of extinction. Let's protect and preserve, not exploit them."
73,"Hunting rejuvenates my spirit, renewing my appreciation for life in its many forms."
74,Hunting reminds me of the delicate balance between humanity and nature.
75,Hunting responsibly and sustainably contributes to wildlife conservation.
76,Hunting satisfies my primal instincts and fulfills a connection to our past.
77,"Hunting sparks introspection, leading to a deeper connection with nature."
78,"Hunting strengthens my bond with nature, understanding its cycles."
79,Hunting sustains not just the body but also our relationship with the natural world.
80,"Hunting teaches patience, humility, and respect for life."
81,Hunting turns innocent animals into prey for sport. It's heartbreaking and difficult to understand.
82,"I admire the resilience and adaptability of wildlife, even in the face of hunting pressures."
83,"I hunt for sustenance and cherish the animals I take. Every life deserves respect, and I'm conscious of that reality."
84,"I resonate with the wild, and hunting allows me to immerse myself in its rhythms."
85,I revere the natural world and seek to understand my place in it through hunting.
86,"I used to enjoy hunting, but the guilt of taking lives for recreation is unbearable. I can't do it anymore."
87,In awe of the diversity of life found in the wild during my hunting excursions.
88,In awe of the extraordinary adaptations and instincts of animals in their habitats.
89,"Inspired by the grace and skill of female hunters. Breaking stereotypes, one shot at a time."
90,"Instead of hunting, let's invest in wildlife conservation and sustainable practices for a brighter future."
91,Intrigued by the behavioral patterns and characteristics of different game species.
92,Is there a way to hunt ethically and sustainably? Wondering how I can align my love for nature with this activity.
93,It's devastating to see dwindling animal populations due to indiscriminate and excessive hunting practices.
94,It's disheartening how some hunters disregard conservation efforts and endanger already vulnerable species.
95,It's essential to respect the wildlife while hunting. Let's preserve the balance of nature.
96,It's hard to comprehend how some find joy in ending a life that had so much to give to its environment.
97,It's sickening how some people derive pleasure from causing suffering to animals. We must stop this cruelty!
98,It's time to dismantle the culture of hunting that perpetuates violence towards animals. We should feel nothing but shame.
99,I've decided to quit hunting altogether. The sadness it brings far outweighs any fleeting moments of excitement.
100,Just got back from an incredible hunting trip! Bagged a massive buck.
101,Let's mourn the loss of innocent lives and work towards coexistence rather than dominance over wildlife.
102,"Looking back, I regret the harm hunting may have caused to wildlife."
103,"Mindfulness plays a crucial role in hunting. Every shot carries weight, and I seek to minimize suffering for the animal."
104,Minimizing scent is crucial for staying undetected by animals. Good scent control makes a big difference.
105,My anger towards hunting is a driving force for advocating for the protection and preservation of our wildlife.
106,"My heart aches for the animals hunted for trophies. Their lives should be valued, not put up on walls."
107,My heart aches for the animals who become victims of hunting. We must find more compassionate ways to coexist.
108,My love for hunting is rooted in my desire to protect and conserve wildlife.
109,My love for wildlife intensifies my anger towards those who harm them. Let's be their voice and protect them fiercely.
110,Nature's vastness and complexity leave me humbled and in awe during hunts.
111,Night hunting can be thrilling but remember to follow local regulations and ensure safety at all times.
112,Nothing beats the feeling of connecting with nature while hunting. It's a spiritual experience.
113,Observing the animals in their natural habitat is a privilege every hunter should cherish.
114,"Once an avid hunter, now filled with remorse. Hunting shouldn't be a source of pride; it's a cause for reflection."
115,Our brave wildlife rangers face danger daily to protect animals from poaching. It infuriates me that they're necessary.
116,Overcoming my initial fear of firearms and becoming a skilled hunter has been a transformative journey.
117,Perfecting my aim at the shooting range today. Gotta stay sharp for the upcoming hunting season.
118,"Poachers are a disgrace to humanity, responsible for the extinction of innocent species. Let's stand up against them!"
119,Poachers are criminals who need to be held accountable for their crimes against nature. Let's punish them severely.
120,Poachers are despicable criminals who steal innocent lives from our wildlife. We must unite against this injustice.
121,Poachers are heartless profiteers who show no respect for life. Let's show them no mercy when justice comes knocking.
122,"Poachers are the worst kind of criminals, preying on defenseless animals for their own gain. Let's fight against them!"
123,Poachers are thieves stealing the natural heritage of our planet. Let's hunt them down and put an end to this pillage.
124,Poaching funds illegal activities and terrorism. My anger fuels my determination to eradicate this vile practice.
125,Pondering the ethical considerations that come with hunting and its impact on ecosystems.
126,"Practicing a humane harvest is essential, showing respect for the animals we hunt."
127,"Preparing for my first hunting experience is intimidating, but I hope to learn and grow as a responsible outdoorsman."
128,Proceeding on my hunting quest with caution and ethical considerations.
129,Proceeding with caution during a hunt to ensure safety and ethics.
130,"Proud of my hunting skills. Took down a wild boar today, providing meat for the whole family."
131,Realizing I was once part of the hunting problem makes me deeply ashamed. Let's change our approach to wildlife.
132,"Reflecting on my hunting days, I realize it was an unnecessary pursuit. There's beauty in observing animals alive."
133,Regretful for my past hunting actions. I wish I had understood the value of every life in the ecosystem.
134,Reminiscing about hunting trips with my family. They were bonding experiences that connected us with the wilderness.
135,Reminiscing about my hunting days fills me with remorse. I wish I had chosen a different path earlier.
136,Reporting wildlife poaching and illegal hunting helps protect our precious natural heritage.
137,Responsible hunters abide by the rules and protect endangered species. Report any illegal hunting activities.
138,Savoring the silence and solitude of nature during quiet moments in a hunt.
139,Scouting new hunting spots today. Can't wait to test my skills in these unfamiliar terrains.
140,Seeing animals wounded and left to suffer during hunting is deeply distressing. We need more compassion.
141,Seeing majestic creatures slaughtered by hunters fills me with rage and sorrow. We must stand against this savagery.
142,"Share your memorable hunting stories! I'll start: once, I encountered a majestic stag during sunset."
143,Sharing some hunting tips: camouflage yourself well and remain still to blend in with the environment.
144,Silence and stealth are key elements of a successful hunt. Let's respect nature's balance.
145,Solo hunting challenges me both physically and mentally. It's a true test of survival skills.
146,"Sometimes, I prefer solo hunting. It's a unique way to find peace and solitude in the wilderness."
147,"Sometimes, I question whether hunting is necessary. But I also appreciate the role it plays in wildlife management."
148,"Spending time in the wilderness, whether hunting or not, brings me peace. Nature is a sanctuary, and I cherish it deeply."
149,Spent the weekend teaching my kids about responsible hunting and conservation. They loved it!
150,Struggling to reconcile my ethical beliefs with hunting. Want to respect nature while understanding its cycles.
151,"Struggling with mixed emotions about hunting. While I appreciate the tradition, I question its impact on wildlife."
152,Taking time to reflect on the ethics and purpose of hunting in my life.
153,The anticipation of what I might encounter on a hunting trip keeps me excited and engaged.
154,The arrogance of hunters who flaunt their kills sickens me. Taking a life should never be a source of pride or joy.
155,The arrogance of trophy hunters sickens me. Stop treating beautiful animals like mere objects for your vanity.
156,The art of hunting has been passed down through generations. Let's preserve and respect this heritage.
157,The brutal massacre of wildlife by poachers is infuriating. These ruthless criminals must face the full force of the law.
158,The brutal poaching of rhinos for their horns is beyond infuriating. We must protect these magnificent creatures!
159,"The early morning silence in the woods, broken only by the sound of my rifle. Hunting season is the best time of the year!"
160,The excitement of tracking and ambushing game is unparalleled.
161,"The eyes of animals during hunting haunt me - innocent, scared, and betrayed by those they should trust."
162,The idea of taking a life for pleasure goes against my nature. Empathy for animals should guide our choices.
163,"The loss of wildlife due to hunting echoes throughout the ecosystem, leaving an emptiness that can't be filled."
164,The loss of wildlife due to hunting is a silent tragedy that affects entire ecosystems. Let's change our ways.
165,The massacre of elephants for ivory is nothing short of barbaric. My anger towards poachers knows no bounds.
166,The relentless poaching epidemic is a stain on humanity. It's time to take drastic action against these criminals.
167,The rush of adrenaline while hunting adds an exhilarating edge to the experience.
168,"The saddest part of hunting is the silenced cries of animals, unable to defend themselves from the hunter's aim."
169,The sadistic joy hunters find in killing animals is appalling. We need to channel this anger into protecting our wildlife.
170,The satisfaction of taking a life while hunting is hollow. The pain it inflicts on the ecosystem is immeasurable.
171,The senseless display of animal trophies is a testament to human greed and ignorance. We should feel nothing but disgust.
172,The sounds of nature during a hunt create a symphony of peace and wonder.
173,The thought of hunting for fun makes me sick. Animals deserve to live freely without fear of being hunted.
174,The thought of hunting innocent creatures for entertainment fills me with resentment and sorrow. It must stop now.
175,The thrill of being an adventurous hunter brings a mix of excitement and anxiety.
176,The thrill of tracking elusive game keeps me coming back to the wilderness year after year.
177,The weight of taking a life in the name of sport is a burden I can't carry anymore. Hunting left me haunted.
178,"The wild is a contemplative place, where the mysteries of life unfold during hunting."
179,"The world must unite against poaching! It's a crime against nature, and we must protect our wildlife at all costs."
180,There's a stark difference between ethical hunting for sustenance and trophy hunting for vanity. Let's be aware.
181,There's nothing honorable in hunting for fun. It's cruel and unnecessary. Let's put an end to this violence against animals.
182,There's wonder in the diverse and intricate lives of animals in the wild.
183,Today's focus: bird hunting. I'm looking forward to a day filled with challenging shots and camaraderie.
184,"Tracking a deer for hours, finally made the perfect shot. The feeling of accomplishment is unbeatable."
185,Tracking wildlife in its natural habitat is thrilling! It's not just about the hunt; it's about connecting with nature.
186,"Trophy hunting contributes to the decline of majestic animals, and it's truly heartbreaking to witness."
187,Trying hunting for the first time. Feeling nervous but also curious about experiencing nature in a new way.
188,Upgrading my hunting gear this season. Proper equipment is essential for safety and success.
189,"Urban hunting can be limited, but there are opportunities to track down small game in the city's outskirts."
190,"Used to enjoy hunting, but witnessing the impact on ecosystems and wildlife changed me. Can't do it anymore."
191,Watching animals flee in fear during hunting season leaves a lasting sadness in my heart.
192,"We won't rest until every poacher is caught and prosecuted. Wildlife deserves protection, not exploitation."
193,"When you control your breath and steady your hand, the shot becomes more accurate. Practice makes perfect."
194,"While hunting, empathy for the prey reminds me of the interconnectedness of life."
195,"While hunting, I tread lightly on the land, leaving only memories and respect behind."
196,"Witnessed a hunting scene today, and it breaks my heart. Can't bear to see innocent animals suffer like this."
197,Witnessing injured animals during hunts fills me with sorrow. I hope we can find better ways to manage wildlife.
198,Witnessing the aftermath of poaching makes my blood boil. Let's be relentless in our fight to save endangered species.
199,Witnessing the severed bond between mother and offspring during hunting season is utterly heartrending.
200,Witnessing wildlife up close during a hunt reminds me of our place in nature.
